age_interval,avg_glucose_conc
20 to 29,114.61323155216284
30 to 39,126.07317073170732
40 to 49,125.7094017094017
50 to 59,140.14285714285714
60 to 69,138.82758620689654
70 to 81,132.66666666666666
